﻿<?xml version="1.0" encoding="utf-8"?>
<post>
  <title>Recursive drawing in Processing</title>
  <slug>my-new-post</slug>
  <author>demo</author>
  <pubDate>2015-05-26 20:14:49</pubDate>
  <lastModified>2015-05-26 21:06:17</lastModified>
  <excerpt>Drawing a recursive tree in processing</excerpt>
  <content>the content&lt;img src="/posts/files/79459e8d-4250-4994-ab87-0c37ed921c8f.jpeg" alt="" /&gt;</content>
  <ispublished>true</ispublished>
  <categories>
    <category>Processing</category>
  </categories>
  <comments>
    <comment isAdmin="false" isApproved="true" id="9d773a1b-1360-4de5-9a7e-e25c5e6d46aa">
      <author>Test COMMENT</author>
      <email>ERT135@GMAIL.COM</email>
      <website></website>
      <ip>::1</ip>
      <userAgent>Mozilla/5.0 (Windows NT 6.1; WOW64) AppleWebKit/537.36 (KHTML, like Gecko) Chrome/43.0.2357.81 Safari/537.36</userAgent>
      <date>2015-05-26 21:5:37</date>
      <content>cOMMENT</content>
    </comment>
  </comments>
</post>